<application>
  <component name="libraryTable">
    <library name="api" type="javaScript">
      <properties>
        <sourceFilesUrls>
          <item url="file://$APPLICATION_CONFIG_DIR$/javascript/extLibs/http_apis.google.com_js_api.js" />
        </sourceFilesUrls>
      </properties>
      <CLASSES>
        <root url="file://$APPLICATION_CONFIG_DIR$/javascript/extLibs/http_apis.google.com_js_api.js" />
      </CLASSES>
      <JAVADOC />
      <SOURCES />
    </library>
    <library name="Python 3.9 interpreter library">
      <CLASSES />
      <JAVADOC />
      <SOURCES />
    </library>
  </component>
</application>