<application>
  <component name="FileTypeManager" version="18">
    <extensionMap>
      <mapping pattern="test" type="AUTO_DETECTED" />
      <mapping pattern="addThreeWordMarker" type="AUTO_DETECTED" />
      <mapping pattern="04-命令行.md" type="AUTO_DETECTED" />
      <mapping pattern="01-es6.html" type="AUTO_DETECTED" />
      <mapping pattern="fdasfdsa" type="AUTO_DETECTED" />
      <mapping pattern="LogGroupMediaLibrary-0087fa65f0424db4bf9a665d0d986676bdfd14ec-1660690800000_1-103930" type="AUTO_DETECTED" />
      <mapping pattern="useAsync" type="AUTO_DETECTED" />
      <mapping ext="space.kts" type="Kotlin" />
      <mapping ext="gradle.kts" type="Kotlin" />
      <mapping ext="main.kts" type="Kotlin" />
      <mapping pattern=".prettierignore" type="PLAIN_TEXT" />
      <mapping pattern=".env1" type="PLAIN_TEXT" />
      <mapping ext="test" type="PLAIN_TEXT" />
      <mapping ext="com" type="PLAIN_TEXT" />
      <mapping ext="net" type="PLAIN_TEXT" />
      <mapping ext="lock" type="PLAIN_TEXT" />
      <removed_mapping ext="apk" approved="true" type="ARCHIVE" />
      <removed_mapping ext="ignore" approved="true" type="IgnoreLang file" />
      <removed_mapping ext="psd" approved="true" type="Image" />
      <removed_mapping pattern=".env" approved="true" type="PLAIN_TEXT" />
    </extensionMap>
  </component>
</application>