<keymap version="1" name="macOS copy" parent="Mac OS X 10.5+">
  <action id="ActivateCommitToolWindow" />
  <action id="ActivateTerminalToolWindow">
    <keyboard-shortcut first-keystroke="meta 0" />
  </action>
  <action id="ActivateleetcodeToolWindow">
    <keyboard-shortcut first-keystroke="ctrl meta alt minus" />
  </action>
  <action id="Console.TableResult.AddColumn" />
  <action id="EditorSelectWord">
    <keyboard-shortcut first-keystroke="meta up" />
  </action>
  <action id="EditorToggleColumnMode" />
  <action id="GotoBookmark0">
    <keyboard-shortcut first-keystroke="ctrl 0" />
    <keyboard-shortcut first-keystroke="shift meta 0" />
  </action>
  <action id="GotoBookmark1">
    <keyboard-shortcut first-keystroke="shift meta 1" />
  </action>
  <action id="GotoBookmark2">
    <keyboard-shortcut first-keystroke="shift meta 2" />
  </action>
  <action id="GotoBookmark3" />
  <action id="GotoBookmark4" />
  <action id="GotoBookmark5">
    <keyboard-shortcut first-keystroke="ctrl alt 5" />
  </action>
  <action id="GotoBookmark6">
    <keyboard-shortcut first-keystroke="ctrl alt 6" />
  </action>
  <action id="GotoBookmark7">
    <keyboard-shortcut first-keystroke="shift meta 7" />
  </action>
  <action id="GotoBookmark8">
    <keyboard-shortcut first-keystroke="shift meta 8" />
  </action>
  <action id="GotoBookmark9">
    <keyboard-shortcut first-keystroke="shift meta 9" />
  </action>
  <action id="GotoTest" />
  <action id="NextDiff">
    <keyboard-shortcut first-keystroke="f7" />
    <keyboard-shortcut first-keystroke="1" />
  </action>
  <action id="PreviousDiff">
    <keyboard-shortcut first-keystroke="shift f7" />
    <keyboard-shortcut first-keystroke="2" />
  </action>
  <action id="ReopenClosedTab">
    <keyboard-shortcut first-keystroke="shift meta t" />
  </action>
  <action id="ResourceExplorer.show" />
  <action id="SearchEverywhere.NavigateToPrevGroup">
    <keyboard-shortcut first-keystroke="page_up" />
  </action>
  <action id="SelectIn">
    <keyboard-shortcut first-keystroke="shift meta j" />
  </action>
  <action id="ServiceView.ShowServices" />
  <action id="ShelvedChanges.Rename">
    <keyboard-shortcut first-keystroke="f2" />
  </action>
  <action id="ShowNavBar">
    <keyboard-shortcut first-keystroke="alt home" />
  </action>
  <action id="SynchronizeCurrentFile">
    <keyboard-shortcut first-keystroke="meta f4" />
  </action>
  <action id="ToggleBookmark0">
    <keyboard-shortcut first-keystroke="ctrl meta 0" />
  </action>
  <action id="ToggleBookmark1">
    <keyboard-shortcut first-keystroke="ctrl meta 1" />
  </action>
  <action id="ToggleBookmark2">
    <keyboard-shortcut first-keystroke="ctrl meta 2" />
  </action>
  <action id="ToggleBookmark3">
    <keyboard-shortcut first-keystroke="ctrl meta 3" />
  </action>
  <action id="ToggleBookmark4">
    <keyboard-shortcut first-keystroke="ctrl meta 4" />
  </action>
  <action id="ToggleBookmark7">
    <keyboard-shortcut first-keystroke="ctrl meta 7" />
  </action>
  <action id="ToggleBookmark8">
    <keyboard-shortcut first-keystroke="ctrl meta 8" />
  </action>
  <action id="ToggleBookmark9">
    <keyboard-shortcut first-keystroke="ctrl meta 9" />
  </action>
</keymap>